{"cameraMode":{"drawMode":0,"name":"Shaded","section":"Shading Mode"},"sceneLighting":false,"audioPlay":false,"sceneViewState":{"showFog":true,"showMaterialUpdate":false,"showSkybox":false,"showFlares":true,"showImageEffects":true,"showParticleSystems":true},"in2DMode":false,"pivot":{"x":0.19207026064395905,"y":0.2711433172225952,"z":-0.1520370990037918},"rotation":{"x":0.003862567013129592,"y":0.9960496425628662,"z":-0.06914643943309784,"w":0.05563812702894211},"size":0.4277423024177551,"orthographic":false}